{"Ts_Kryve":{"precision":0.94226,"recall":0.99828,"f1":0.96946,"FAR":0.47483,"miss_rate":0.00172},"R_Plomo":{"precision":0.94675,"recall":0.99936,"f1":0.97234,"FAR":0.29769,"miss_rate":0.00064},"Ts_Hrysh":{"precision":0.98233,"recall":0.99283,"f1":0.98755,"FAR":0.27159,"miss_rate":0.00717},"Ts_Chorn":{"precision":0.93372,"recall":0.98538,"f1":0.95886,"FAR":0.46899,"miss_rate":0.01462},"Zb_Karpt":{"precision":0.95543,"recall":0.99653,"f1":0.97555,"FAR":0.3845,"miss_rate":0.00347},"R_Fysyn":{"precision":0.96495,"recall":0.98765,"f1":0.97617,"FAR":0.45472,"miss_rate":0.01235},"R_Plask":{"precision":0.94227,"recall":0.99418,"f1":0.96753,"FAR":0.32265,"miss_rate":0.00582},"Ts_Feshc":{"precision":0.9537,"recall":0.99812,"f1":0.9754,"FAR":0.44498,"miss_rate":0.00188},"Zb_Balbu":{"precision":0.99808,"recall":0.99803,"f1":0.99805,"FAR":0.07053,"miss_rate":0.00197},"R_Bonda":{"precision":0.91182,"recall":0.99052,"f1":0.94955,"FAR":0.35547,"miss_rate":0.00948},"Zb_Liash":{"precision":0.0,"recall":0.0,"f1":0.0,"FAR":0.0,"miss_rate":0.0},"Zb_Buks":{"precision":0.99747,"recall":0.999,"f1":0.99824,"FAR":0.14037,"miss_rate":0.001},"Ts_Vasyl":{"precision":0.94845,"recall":0.99897,"f1":0.97305,"FAR":0.7992,"miss_rate":0.00103},"Ts_Dodon":{"precision":0.93567,"recall":0.9982,"f1":0.96593,"FAR":0.72722,"miss_rate":0.0018},"R_Neste":{"precision":0.97345,"recall":0.83933,"f1":0.90143,"FAR":0.20861,"miss_rate":0.16067},"R_Shefe":{"precision":0.98358,"recall":0.93694,"f1":0.95969,"FAR":0.18147,"miss_rate":0.06306},"R_Netre":{"precision":0.9943,"recall":0.98084,"f1":0.98753,"FAR":0.07962,"miss_rate":0.01916},"Ts_Shevc":{"precision":0.8954,"recall":0.99261,"f1":0.9415,"FAR":0.4513,"miss_rate":0.00739},"Zb_Karpe":{"precision":0.97885,"recall":0.96539,"f1":0.97207,"FAR":0.6949,"miss_rate":0.03461},"Ts_Ratus":{"precision":0.0,"recall":0.0,"f1":0.0,"FAR":0.0,"miss_rate":0.0},"R_Rudes":{"precision":0.0,"recall":0.0,"f1":0.0,"FAR":0.0,"miss_rate":0.0},"Ts_Manzi":{"precision":0.89917,"recall":0.98678,"f1":0.94094,"FAR":0.6918,"miss_rate":0.01322},"Ts_Zavgo":{"precision":0.95292,"recall":0.99831,"f1":0.97509,"FAR":0.61756,"miss_rate":0.00169},"all_spk":{"precision":0.95083,"recall":0.98797,"f1":0.96905,"FAR":0.44811,"miss_rate":0.01203}}