{"Ts_Kryve":{"precision":0.94819,"recall":0.99078,"f1":0.96902,"FAR":0.39252,"miss_rate":0.00922},"R_Plomo":{"precision":0.96978,"recall":0.98773,"f1":0.97867,"FAR":0.1601,"miss_rate":0.01227},"Ts_Hrysh":{"precision":0.98771,"recall":0.98638,"f1":0.98705,"FAR":0.1695,"miss_rate":0.01362},"Ts_Chorn":{"precision":0.98033,"recall":0.93992,"f1":0.9597,"FAR":0.12445,"miss_rate":0.06008},"Zb_Karpt":{"precision":0.98573,"recall":0.97232,"f1":0.97898,"FAR":0.11121,"miss_rate":0.02768},"R_Fysyn":{"precision":0.98546,"recall":0.95208,"f1":0.96848,"FAR":0.17778,"miss_rate":0.04792},"R_Plask":{"precision":0.98488,"recall":0.9592,"f1":0.97187,"FAR":0.07135,"miss_rate":0.0408},"Ts_Feshc":{"precision":0.96107,"recall":0.99444,"f1":0.97747,"FAR":0.3486,"miss_rate":0.00556},"Zb_Balbu":{"precision":0.99923,"recall":0.98617,"f1":0.99265,"FAR":0.02317,"miss_rate":0.01383},"R_Bonda":{"precision":0.9822,"recall":0.946,"f1":0.96376,"FAR":0.06191,"miss_rate":0.054},"Zb_Liash":{"precision":0.0,"recall":0.0,"f1":0.0,"FAR":0.0,"miss_rate":0.0},"Zb_Buks":{"precision":0.99881,"recall":0.97917,"f1":0.9889,"FAR":0.06279,"miss_rate":0.02083},"Ts_Vasyl":{"precision":0.98343,"recall":0.9732,"f1":0.97829,"FAR":0.24452,"miss_rate":0.0268},"Ts_Dodon":{"precision":0.97689,"recall":0.97844,"f1":0.97766,"FAR":0.24246,"miss_rate":0.02156},"R_Neste":{"precision":0.98318,"recall":0.96526,"f1":0.97414,"FAR":0.14212,"miss_rate":0.03474},"R_Shefe":{"precision":0.99146,"recall":0.88758,"f1":0.93665,"FAR":0.07607,"miss_rate":0.11242},"R_Netre":{"precision":0.99685,"recall":0.94323,"f1":0.9693,"FAR":0.03104,"miss_rate":0.05677},"Ts_Shevc":{"precision":0.96311,"recall":0.97241,"f1":0.96773,"FAR":0.14282,"miss_rate":0.02759},"Zb_Karpe":{"precision":0.98457,"recall":0.93213,"f1":0.95763,"FAR":0.48124,"miss_rate":0.06787},"Ts_Ratus":{"precision":0.0,"recall":0.0,"f1":0.0,"FAR":0.0,"miss_rate":0.0},"R_Rudes":{"precision":0.0,"recall":0.0,"f1":0.0,"FAR":0.0,"miss_rate":0.0},"Ts_Manzi":{"precision":0.93254,"recall":0.97318,"f1":0.95243,"FAR":0.4214,"miss_rate":0.02682},"Ts_Zavgo":{"precision":0.97996,"recall":0.99602,"f1":0.98793,"FAR":0.22428,"miss_rate":0.00398},"all_spk":{"precision":0.97617,"recall":0.96938,"f1":0.97276,"FAR":0.19708,"miss_rate":0.03062}}