{"Ts_Kryve":{"precision":0.95037,"recall":0.99597,"f1":0.97263,"FAR":0.40516,"miss_rate":0.00403},"R_Plomo":{"precision":0.9723,"recall":0.99247,"f1":0.98228,"FAR":0.15126,"miss_rate":0.00753},"Ts_Hrysh":{"precision":0.98783,"recall":0.99183,"f1":0.98982,"FAR":0.1873,"miss_rate":0.00817},"Ts_Chorn":{"precision":0.96866,"recall":0.96251,"f1":0.96557,"FAR":0.21009,"miss_rate":0.03749},"Zb_Karpt":{"precision":0.97638,"recall":0.98326,"f1":0.97981,"FAR":0.19955,"miss_rate":0.01674},"R_Fysyn":{"precision":0.97737,"recall":0.9726,"f1":0.97498,"FAR":0.28877,"miss_rate":0.0274},"R_Plask":{"precision":0.98379,"recall":0.96331,"f1":0.97344,"FAR":0.08869,"miss_rate":0.03669},"Ts_Feshc":{"precision":0.95957,"recall":0.99798,"f1":0.9784,"FAR":0.40121,"miss_rate":0.00202},"Zb_Balbu":{"precision":0.99971,"recall":0.99356,"f1":0.99662,"FAR":0.01123,"miss_rate":0.00644},"R_Bonda":{"precision":0.96884,"recall":0.97394,"f1":0.97138,"FAR":0.11675,"miss_rate":0.02606},"Zb_Liash":{"precision":0.0,"recall":0.0,"f1":0.0,"FAR":0.0,"miss_rate":0.0},"Zb_Buks":{"precision":0.99901,"recall":0.99365,"f1":0.99632,"FAR":0.05888,"miss_rate":0.00635},"Ts_Vasyl":{"precision":0.96532,"recall":0.99481,"f1":0.97984,"FAR":0.53105,"miss_rate":0.00519},"Ts_Dodon":{"precision":0.95364,"recall":0.99272,"f1":0.97279,"FAR":0.51792,"miss_rate":0.00728},"R_Neste":{"precision":0.97495,"recall":0.93761,"f1":0.95592,"FAR":0.21992,"miss_rate":0.06239},"R_Shefe":{"precision":0.99171,"recall":0.91518,"f1":0.95191,"FAR":0.08979,"miss_rate":0.08482},"R_Netre":{"precision":0.99845,"recall":0.96429,"f1":0.98107,"FAR":0.02143,"miss_rate":0.03571},"Ts_Shevc":{"precision":0.9444,"recall":0.98773,"f1":0.96558,"FAR":0.22719,"miss_rate":0.01227},"Zb_Karpe":{"precision":0.98268,"recall":0.9545,"f1":0.96839,"FAR":0.5791,"miss_rate":0.0455},"Ts_Ratus":{"precision":0.0,"recall":0.0,"f1":0.0,"FAR":0.0,"miss_rate":0.0},"R_Rudes":{"precision":0.0,"recall":0.0,"f1":0.0,"FAR":0.0,"miss_rate":0.0},"Ts_Manzi":{"precision":0.91011,"recall":0.98248,"f1":0.94491,"FAR":0.60937,"miss_rate":0.01752},"Ts_Zavgo":{"precision":0.96068,"recall":0.99922,"f1":0.97957,"FAR":0.51665,"miss_rate":0.00078},"all_spk":{"precision":0.96781,"recall":0.98178,"f1":0.97474,"FAR":0.28996,"miss_rate":0.01822}}